Artist_ID,Name,Genre,Subscribers,Engagement_Score,Region
1,Artist_1,Pop,0.5663093802240851,0.7613751263902933,Australia
2,Artist_2,Hip-Hop,0.8239148452817922,0.5581395348837209,Asia
3,Artist_3,Rock,0.5548592896147447,0.46814964610717896,North America
4,Artist_4,Country,0.09116222784586579,0.1526794742163802,Europe
5,Artist_5,Pop,0.013494068750714943,0.26794742163801816,Europe
6,Artist_6,Electronic,0.2502192485144283,0.5692618806875632,South America
7,Artist_7,Rock,0.49006307533920807,0.9039433771486349,South America
8,Artist_8,Jazz,0.35054475980999134,0.5318503538928211,Africa
9,Artist_9,Electronic,0.16348513826202657,0.7836198179979778,Europe
10,Artist_10,Electronic,0.7409626464750659,0.6359959555106167,Europe
11,Artist_11,Rock,0.26233762063685423,0.8260869565217391,Europe
12,Artist_12,Country,0.9849506214215332,0.673407482305359,Australia
13,Artist_13,Pop,0.5044180833365108,0.30535894843276035,Australia
14,Artist_14,Pop,0.16356139861487118,0.5915065722952477,Australia
15,Artist_15,Country,0.7995095255201258,0.6400404448938322,South America
16,Artist_16,Pop,0.11433534085367444,0.5611729019211324,South America
17,Artist_17,Rock,0.826074217378129,0.6744186046511628,South America
18,Artist_18,Electronic,0.4116704428920334,0.2709807886754297,Asia
19,Artist_19,Jazz,0.8782864700086095,0.6643073811931244,Africa
20,Artist_20,Jazz,0.6806507416319315,0.8827098078867543,North America
21,Artist_21,Rock,0.22678323797444477,0.6845298281092013,North America
22,Artist_22,Electronic,0.358116610106905,0.5136501516683518,Australia
23,Artist_23,Rock,0.39305187911529965,0.5166835187057635,Australia
24,Artist_24,Hip-Hop,0.7291031581820335,0.5773508594539939,Africa
25,Artist_25,Rock,0.13744523804267772,0.5156723963599595,South America
26,Artist_26,Pop,0.031788526027859115,0.7320525783619818,North America
27,Artist_27,Country,0.6624556234986243,0.19211324570273003,Europe
28,Artist_28,Rock,0.6826907060705248,0.98685540950455,South America
29,Artist_29,Country,0.701859147128296,0.43377148634984825,North America
30,Artist_30,Rock,0.7831005051244951,0.47421638018200196,Europe
31,Artist_31,Hip-Hop,0.8428183819559978,0.9504550050556118,Africa
32,Artist_32,Rock,0.0,0.5551061678463094,Asia
33,Artist_33,Hip-Hop,0.8848779734011918,0.8372093023255814,Australia
34,Artist_34,Electronic,0.16075481694505042,0.16177957532861476,Africa
35,Artist_35,Rock,0.5147443371670885,0.08493427704752274,Europe
36,Artist_36,Jazz,0.7983856887413631,0.8827098078867543,North America
37,Artist_37,Rock,0.56155314242825,0.660262891809909,South America
38,Artist_38,Electronic,0.5828940001163975,0.5055611729019212,Africa
39,Artist_39,Hip-Hop,0.4988771666469327,0.9069767441860466,Asia
40,Artist_40,Jazz,0.7516079896767565,0.17997977755308392,Africa
41,Artist_41,Classical,0.4951243545464215,0.5237613751263903,Asia
42,Artist_42,Pop,0.3759404607329423,0.9079878665318504,Europe
43,Artist_43,Electronic,0.6406441591593701,0.007077856420626898,Australia
44,Artist_44,Rock,0.4549361520230066,0.023255813953488372,Asia
45,Artist_45,Country,0.45280086214335746,0.7350859453993933,Europe
46,Artist_46,Country,0.17044188860770673,0.5975733063700708,Australia
47,Artist_47,Country,0.680658769037494,0.5409504550050557,Africa
48,Artist_48,Electronic,0.7536961185487254,0.24266936299292216,North America
49,Artist_49,Hip-Hop,0.20632740174957306,0.8543983822042468,North America
50,Artist_50,Electronic,0.414324503856165,0.21435793731041458,South America
51,Artist_51,Classical,0.3887511965851417,0.8372093023255814,Africa
52,Artist_52,Hip-Hop,0.5386760400005619,0.9261880687563195,South America
53,Artist_53,Rock,0.26612755948809236,0.3286147623862487,South America
54,Artist_54,Jazz,0.8408837772154135,0.04448938321536906,South America
55,Artist_55,Electronic,0.3373286399768811,0.7128412537917088,Asia
56,Artist_56,Pop,0.44852827553266855,0.019211324570273,North America
57,Artist_57,Pop,0.4293778961374132,0.3700707785642062,Australia
58,Artist_58,Electronic,0.8328613887812994,0.7007077856420627,Australia
59,Artist_59,Classical,0.9005494759107594,0.5065722952477251,Europe
60,Artist_60,Pop,0.2762200151316595,0.5540950455005056,Africa
61,Artist_61,Jazz,0.755962857194462,0.7522750252780587,Africa
62,Artist_62,Hip-Hop,0.3729522590122679,0.9150657229524772,Asia
63,Artist_63,Rock,0.7138490807617206,0.7148634984833164,South America
64,Artist_64,Classical,0.8337995918064272,0.3579373104145601,Australia
65,Artist_65,Pop,0.543277750239317,0.16380182002022245,Asia
66,Artist_66,Rock,0.09898192428952444,0.8645096056622852,Australia
67,Artist_67,Jazz,0.289725121565023,0.06370070778564205,South America
68,Artist_68,Country,0.3185314664263797,0.9878665318503538,Africa
69,Artist_69,Hip-Hop,0.1866783197837417,0.6683518705763397,South America
70,Artist_70,Pop,0.3053715384322076,0.09201213346814965,Africa
71,Artist_71,Rock,0.9300210920081158,0.9433771486349848,Australia
72,Artist_72,Pop,0.6267075796770174,0.441860465116279,Europe
73,Artist_73,Classical,0.9521867656178193,0.6552072800808898,South America
74,Artist_74,Hip-Hop,0.8993513856305427,0.2901921132457027,South America
75,Artist_75,Electronic,0.8632320743016659,0.9726996966632964,Africa
76,Artist_76,Rock,0.1736317788931412,0.4196157735085945,North America
77,Artist_77,Rock,0.45640817751804663,0.8351870576339736,Europe
78,Artist_78,Country,0.10435526888798358,0.39433771486349845,Asia
79,Artist_79,Country,0.5905571621515856,0.877654196157735,Australia
80,Artist_80,Hip-Hop,0.8800625334893326,0.519716885743175,North America
81,Artist_81,Pop,0.7748202362866828,0.5803842264914054,Asia
82,Artist_82,Rock,0.3946724116132477,0.22143579373104147,North America
83,Artist_83,Jazz,0.4340859694998726,0.8058645096056624,Asia
84,Artist_84,Jazz,0.8879775553740471,0.9635995955510618,Africa
85,Artist_85,Electronic,0.39025332485104147,0.647118301314459,North America
86,Artist_86,Hip-Hop,0.7892866245361665,0.9888776541961578,South America
87,Artist_87,Pop,0.8184060382144642,0.7714863498483316,Australia
88,Artist_88,Country,0.6181864886723274,0.8624873609706776,South America
89,Artist_89,Electronic,0.9275406236892753,0.41354903943377147,Europe
90,Artist_90,Hip-Hop,0.9740965656752153,0.3549039433771486,Asia
91,Artist_91,Jazz,0.5227255851476943,0.08695652173913043,Europe
92,Artist_92,Hip-Hop,0.09906520862223632,0.42871587462082905,Australia
93,Artist_93,Rock,0.9177200964091409,0.29726996966632957,South America
94,Artist_94,Electronic,0.5897734866835377,0.654196157735086,Asia
95,Artist_95,Hip-Hop,0.35476015115604675,0.48129423660262893,Europe
96,Artist_96,Rock,0.34493561017313107,0.1961577350859454,North America
97,Artist_97,Jazz,0.6291900548472485,0.19211324570273003,North America
98,Artist_98,Hip-Hop,0.33085152711356575,0.7906976744186046,South America
99,Artist_99,Electronic,0.7423403499547455,0.9150657229524772,North America
100,Artist_100,Electronic,0.2617476063280038,0.82103134479272,Europe
101,Artist_101,Rock,0.5606229668086848,0.19716885743174922,Africa
102,Artist_102,Electronic,0.10920883897626497,0.02831142568250758,North America
103,Artist_103,Country,0.7993670390713898,0.5510616784630941,Australia
104,Artist_104,Hip-Hop,0.43520880285293995,0.4752275025278058,Asia
105,Artist_105,Rock,0.48918708470719036,0.3164812942366026,North America
106,Artist_106,Electronic,0.9962371536425357,0.5237613751263903,Australia
107,Artist_107,Rock,0.5980507452442639,0.5884732052578362,Europe
108,Artist_108,Classical,0.3569747116656265,0.39029322548028306,Africa
109,Artist_109,Pop,0.8964916223988698,0.23862487360970677,Africa
110,Artist_110,Classical,0.6813782252610412,0.6208291203235592,Australia
111,Artist_111,Electronic,0.7871021667974465,0.7269969666329626,Asia
112,Artist_112,Classical,0.6249515847102006,0.09504550050556118,Asia
113,Artist_113,Rock,0.10263539724619852,0.9646107178968656,South America
114,Artist_114,Electronic,0.028141073625356974,0.8746208291203236,North America
115,Artist_115,Country,0.8633504785337142,0.6137512639029322,Europe
116,Artist_116,Hip-Hop,0.7464614192854405,0.3629929221435793,Africa
117,Artist_117,Classical,0.5455936567441245,0.14762386248736098,South America
118,Artist_118,Jazz,0.08001015466803668,0.833164812942366,North America
119,Artist_119,Electronic,0.31012777622804255,0.25075834175935285,South America
120,Artist_120,Country,0.960806192340651,0.5824064711830131,Africa
121,Artist_121,Electronic,0.26820665752880335,0.14964610717896867,North America
122,Artist_122,Pop,0.5793779964799827,0.019211324570273,Asia
123,Artist_123,Classical,0.8444288801969926,0.7583417593528816,North America
124,Artist_124,Classical,0.023292520665552197,0.33164812942366023,Australia
125,Artist_125,Hip-Hop,0.9432111227731476,0.8493427704752275,Australia
126,Artist_126,Hip-Hop,0.5555095094653146,0.6430738119312437,Africa
127,Artist_127,Electronic,0.26956930962305314,0.20121334681496458,Africa
128,Artist_128,Jazz,0.4814416417649857,0.8250758341759352,Europe
129,Artist_129,Hip-Hop,0.8669106329007231,0.5611729019211324,Australia
130,Artist_130,Hip-Hop,0.6472627550457262,0.7290192113245703,Asia
131,Artist_131,Hip-Hop,0.17480578695667007,0.12740141557128415,Europe
132,Artist_132,Hip-Hop,0.5023068756735495,0.20121334681496458,Australia
133,Artist_133,Country,0.15184540019627008,0.11223458038422648,North America
134,Artist_134,Jazz,0.8086025691711504,0.48736097067745193,Africa
135,Artist_135,Electronic,0.6640209675833295,0.6188068756319515,Asia
136,Artist_136,Pop,0.9963254551037242,0.7492416582406471,North America
137,Artist_137,Rock,0.2159191479711736,0.9959555106167844,Africa
138,Artist_138,Hip-Hop,0.014119202958901692,0.11425682507583418,Europe
139,Artist_139,Pop,0.40307509838588945,0.9726996966632964,North America
140,Artist_140,Rock,0.8133397418787742,0.5015166835187057,Australia
141,Artist_141,Hip-Hop,0.02163686826826787,0.8503538928210314,Asia
142,Artist_142,Classical,0.8651104872033122,0.3538928210313448,Europe
143,Artist_143,Jazz,0.3504464240918496,0.763397371081901,North America
144,Artist_144,Country,0.33312528973916955,0.5540950455005056,Africa
145,Artist_145,Country,0.4167086433082544,0.25075834175935285,South America
146,Artist_146,Electronic,0.3984874361068689,0.8634984833164814,Europe
147,Artist_147,Country,0.5110015593235305,0.30535894843276035,North America
148,Artist_148,Electronic,0.6736448234271805,0.6228513650151668,North America
149,Artist_149,Jazz,0.2304758445332365,0.36400404448938317,North America
150,Artist_150,Classical,0.8149351887343391,0.9989888776541961,North America
151,Artist_151,Country,0.2480518490125288,0.5267947421638018,Europe
152,Artist_152,Hip-Hop,0.9736269624498037,0.3538928210313448,North America
153,Artist_153,Hip-Hop,0.7011918690409057,0.20323559150657228,North America
154,Artist_154,Electronic,0.44655052348718527,0.8341759352881698,Australia
155,Artist_155,Jazz,0.9708073362459437,0.05257836198179979,Australia
156,Artist_156,Jazz,0.07472511153076604,0.8452982810920122,South America
157,Artist_157,Hip-Hop,0.28805843148509014,0.5682507583417593,Europe
158,Artist_158,Electronic,0.1667653368600402,0.08695652173913043,Africa
159,Artist_159,Country,1.0000000000000002,0.06370070778564205,South America
160,Artist_160,Jazz,0.969236975032762,0.07987866531850354,Asia
161,Artist_161,Country,0.4139171130238635,0.023255813953488372,Australia
162,Artist_162,Pop,0.7241933962548139,0.12335692618806876,Africa
163,Artist_163,Hip-Hop,0.21216131874218583,0.9575328614762386,Asia
164,Artist_164,Electronic,0.9151834362513622,0.8088978766430738,Africa
165,Artist_165,Pop,0.02360157577971194,0.49039433771486346,Australia
166,Artist_166,Country,0.21763099220739607,0.015166835187057633,Europe
167,Artist_167,Jazz,0.8500781668616658,0.27199191102123355,South America
168,Artist_168,Pop,0.6555801506342654,0.3296258847320525,North America
169,Artist_169,Classical,0.040400928770823595,0.512639029322548,Africa
170,Artist_170,Classical,0.4912932752416751,0.004044489383215371,South America
171,Artist_171,Hip-Hop,0.30493304140335104,0.33468149646107176,South America
172,Artist_172,Pop,0.18982405933858193,0.4256825075834175,Australia
173,Artist_173,Pop,0.34446600694771956,0.5166835187057635,South America
174,Artist_174,Pop,0.6885095716777078,0.8028311425682507,South America
175,Artist_175,Classical,0.8358415630964112,0.6258847320525783,North America
176,Artist_176,Rock,0.060623970234380174,0.6248736097067745,South America
177,Artist_177,Jazz,0.703516806376971,0.9625884732052578,North America
178,Artist_178,Classical,0.7835841563096412,0.8270980788675429,South America
179,Artist_179,Electronic,0.007755477199157926,0.5055611729019212,Africa
180,Artist_180,Country,0.38076693832744996,0.5338725985844287,Europe
181,Artist_181,Electronic,0.44794829548077136,0.8311425682507584,South America
182,Artist_182,Pop,0.06391018938656573,0.5267947421638018,Asia
183,Artist_183,Jazz,0.4520111661211376,0.42669362992922144,Africa
184,Artist_184,Rock,0.13321178503410644,0.34479271991911015,Asia
185,Artist_185,Classical,0.5041571926557267,0.18604651162790697,Asia
186,Artist_186,Classical,0.29758194475940863,0.731041456016178,Australia
187,Artist_187,Pop,0.7052788218979597,0.9939332659251768,Africa
188,Artist_188,Hip-Hop,0.009552612619482915,0.10515672396359957,Australia
189,Artist_189,Pop,0.5003742777843558,0.3761375126390293,Asia
190,Artist_190,Classical,0.18865506840352966,0.5722952477249748,Asia
191,Artist_191,Rock,0.5367564866454074,0.8018200202224468,Europe
192,Artist_192,Hip-Hop,0.7238181150447629,0.8321536905965622,Australia
193,Artist_193,Rock,0.3877407469099506,0.8058645096056624,North America
194,Artist_194,Hip-Hop,0.11645858962497968,0.2952477249747219,Africa
195,Artist_195,Hip-Hop,0.7129118811622881,0.46107178968655205,Europe
196,Artist_196,Pop,0.3392010323243554,0.5267947421638018,South America
197,Artist_197,Classical,0.1586114996598387,0.9180990899898888,South America
198,Artist_198,Pop,0.7395448059675733,0.9241658240647118,North America
199,Artist_199,Country,0.8587778676401234,0.025278058645096052,South America
200,Artist_200,Rock,0.8467317421677608,0.1961577350859454,South America
201,Artist_201,Country,0.987363860218787,0.22446916076845297,Australia
202,Artist_202,Pop,0.5960780103272573,0.9686552072800808,Asia
203,Artist_203,Country,0.9567764347482305,0.03134479271991911,Europe
204,Artist_204,Country,0.6867325047712892,0.21941354903943378,North America
205,Artist_205,Pop,0.5595402704834305,0.2912032355915065,Africa
206,Artist_206,Hip-Hop,0.8525586351805063,0.5733063700707786,Australia
207,Artist_207,Country,0.24461912970882593,0.7189079878665319,Europe
208,Artist_208,Country,0.7426343536834754,0.6744186046511628,Asia
209,Artist_209,Rock,0.35476817856160936,0.7269969666329626,Asia
210,Artist_210,Classical,0.8502226601617924,0.8018200202224468,South America
211,Artist_211,Jazz,0.042974715679329235,0.9312436804853388,South America
212,Artist_212,Electronic,0.21056587188662093,0.15874620829120323,Africa
213,Artist_213,Pop,0.07858027305220021,0.5075834175935289,Asia
214,Artist_214,Jazz,0.5339769974693604,0.8614762386248735,Europe
215,Artist_215,Rock,0.732364291691836,0.8998988877654196,Asia
216,Artist_216,Country,0.09183552648742808,0.40242669362992917,North America
217,Artist_217,Rock,0.39217488505758663,0.8200202224469162,Australia
218,Artist_218,Jazz,0.608440214893647,0.11526794742163801,North America
219,Artist_219,Rock,0.10131488903115235,0.3549039433771486,South America
220,Artist_220,Rock,0.9036059105787158,0.06370070778564205,Europe
221,Artist_221,Pop,0.5365307158639596,0.33872598584428715,Australia
222,Artist_222,Country,0.35244223779984873,0.2922143579373104,North America
223,Artist_223,Classical,0.3893111081231324,0.2750252780586451,Europe
224,Artist_224,Rock,0.6722570856905475,0.33063700707785637,Asia
225,Artist_225,Electronic,0.44160564166062943,0.8159757330637007,Africa
226,Artist_226,Hip-Hop,0.6508359539467743,0.41456016177957533,Asia
227,Artist_227,Pop,0.044053398301802354,0.35187057633973706,Asia
228,Artist_228,Jazz,0.7879008936509243,0.04044489383215369,Africa
229,Artist_229,Country,0.6580395470135042,0.10212335692618807,North America
230,Artist_230,Electronic,0.023744062228447924,0.7441860465116279,South America
231,Artist_231,Hip-Hop,0.4859279580487786,0.48533872598584427,Africa
232,Artist_232,Electronic,0.04879659156359813,0.005055611729019211,Europe
233,Artist_233,Rock,0.7465376796382852,0.8533872598584428,Africa
234,Artist_234,Pop,0.15822317391574836,0.9383215369059656,Europe
235,Artist_235,Country,0.5605768092267,0.3245702730030333,Europe
236,Artist_236,Rock,0.6531669118370116,0.890798786653185,Australia
237,Artist_237,Electronic,0.43687549293287287,0.5955510616784632,North America
238,Artist_238,Pop,0.292932070087278,0.31445904954499493,South America
239,Artist_239,Jazz,0.6702030732922197,0.8634984833164814,North America
240,Artist_240,Pop,0.5668161102002236,0.15874620829120323,Africa
241,Artist_241,Country,0.33786246244679335,0.34782608695652173,North America
242,Artist_242,Jazz,0.7836232899117588,0.7431749241658241,Asia
243,Artist_243,Classical,0.3708209828354001,0.6440849342770475,Europe
244,Artist_244,Electronic,0.7100681727417404,0.7775530839231547,Asia
245,Artist_245,Electronic,0.011247398618884873,0.48736097067745193,Africa
246,Artist_246,Rock,0.06453833387183845,0.2123356926188069,Europe
247,Artist_247,Jazz,0.6718998661430123,0.8230535894843276,Africa
248,Artist_248,Classical,0.7386447331188679,0.26895854398382196,South America
249,Artist_249,Pop,0.4185368849251344,0.31344792719919107,South America
250,Artist_250,Jazz,0.1726805313339742,0.08594539939332657,Asia
251,Artist_251,Country,0.23707838560846733,0.16582406471183014,Asia
252,Artist_252,Classical,0.08644713050353908,0.09201213346814965,South America
253,Artist_253,Country,0.284126006185116,0.5733063700707786,Australia
254,Artist_254,Pop,0.13579159249678402,0.34681496461071787,Europe
255,Artist_255,Country,0.014767415958080891,0.8827098078867543,Asia
256,Artist_256,Rock,0.27685819387388544,0.80788675429727,Australia
257,Artist_257,Jazz,0.8178370958452156,0.9029322548028311,Europe
258,Artist_258,Jazz,0.8925220703481687,0.3195146612740141,Europe
259,Artist_259,Country,0.3922059912541417,0.048533872598584424,South America
260,Artist_260,Rock,0.5090187901495706,0.833164812942366,North America
261,Artist_261,Jazz,0.3672347394003127,0.9939332659251768,Africa
262,Artist_262,Electronic,0.5259546090352464,0.8827098078867543,North America
263,Artist_263,Pop,0.43749862028966896,0.8281092012133467,Asia
264,Artist_264,Rock,0.7021521474313306,0.8129423660262892,Africa
265,Artist_265,Jazz,0.843888033747213,0.24974721941354902,Europe
266,Artist_266,Electronic,0.28346274180050696,0.9403437815975734,Africa
267,Artist_267,Country,0.8624664604961338,0.02831142568250758,North America
268,Artist_268,Pop,0.15559018489121862,0.833164812942366,Africa
269,Artist_269,Pop,0.013489051622238325,0.012133468149646106,North America
270,Artist_270,Electronic,0.6926637540563484,0.9059656218402428,Africa
271,Artist_271,Country,0.3484415795525926,0.30131445904954496,Asia
272,Artist_272,Jazz,0.9965281470941796,0.6774519716885743,Africa
273,Artist_273,Pop,0.38332768070191636,0.7148634984833164,Asia
274,Artist_274,Classical,0.503836096433223,0.8806875631951466,South America
275,Artist_275,Classical,0.24972556307232896,0.9989888776541961,Africa
276,Artist_276,Rock,0.19032075505776722,0.47927199191102116,North America
277,Artist_277,Electronic,0.38947065280868887,0.7947421638018201,Asia
278,Artist_278,Country,0.3127607652525723,0.6501516683518707,Asia
279,Artist_279,Jazz,0.8278512842845475,0.7836198179979778,Africa
280,Artist_280,Jazz,0.8780596958014663,0.8685540950455004,Australia
281,Artist_281,Electronic,0.08379607981649351,0.24368048533872597,South America
282,Artist_282,Electronic,0.011857481441641764,0.8634984833164814,Asia
283,Artist_283,Hip-Hop,0.14672491887303254,0.019211324570273,Africa
284,Artist_284,Rock,0.23212447295065355,0.7937310414560163,Europe
285,Artist_285,Country,0.7994041658221168,0.8382204246713852,South America
286,Artist_286,Hip-Hop,0.2062702064849396,0.22750252780586452,South America
287,Artist_287,Jazz,0.5351520089585846,0.09908998988877654,North America
288,Artist_288,Classical,0.5269971683326878,0.8574317492416582,Asia
289,Artist_289,Rock,0.42713122600558306,0.7745197168857432,South America
290,Artist_290,Country,0.9760903725318237,0.14155712841253792,Asia
291,Artist_291,Pop,0.3549337438013378,0.09807886754297271,Australia
292,Artist_292,Jazz,0.07119706678600743,0.8018200202224468,Europe
293,Artist_293,Classical,0.5278711521133149,0.15166835187057634,South America
294,Artist_294,Classical,0.7802858960491117,0.08594539939332657,South America
295,Artist_295,Pop,0.9436114896255818,0.8240647118301314,North America
296,Artist_296,Rock,0.5278831932216588,0.20829120323559153,Europe
297,Artist_297,Rock,0.8067532556146685,0.08190091001011121,North America
298,Artist_298,Jazz,0.26335810456899855,0.5803842264914054,North America
299,Artist_299,Electronic,0.8829283172751775,0.5237613751263903,Europe
300,Artist_300,Electronic,0.0215455565299934,0.9110212335692618,South America
301,Artist_301,Pop,0.4496220095405715,0.0,Europe
302,Artist_302,Classical,0.022062320763085175,0.23154701718907988,North America
303,Artist_303,Pop,0.585018252313398,0.6400404448938322,Australia
304,Artist_304,Rock,0.4161818448182094,0.34782608695652173,Europe
305,Artist_305,Country,0.6358758802551913,0.5217391304347826,South America
306,Artist_306,Classical,0.03534968382056341,0.04145601617795753,North America
307,Artist_307,Hip-Hop,0.8585821996295353,0.3124368048533872,Asia
308,Artist_308,Pop,0.7472832249299107,0.47927199191102116,Europe
309,Artist_309,Hip-Hop,0.36754078423738645,0.6784630940343781,Africa
310,Artist_310,Hip-Hop,0.4836511851460888,0.9251769464105156,Australia
311,Artist_311,Rock,0.5773631176837725,0.45601617795753285,South America
312,Artist_312,Rock,0.4835939898814553,0.9767441860465116,Australia
313,Artist_313,Electronic,0.9441734080149632,0.2103134479271992,South America
314,Artist_314,Jazz,0.9474626374442346,0.480283114256825,Europe
315,Artist_315,Hip-Hop,0.3379467502052006,0.58948432760364,South America
316,Artist_316,Pop,0.38984392716734934,0.35591506572295245,North America
317,Artist_317,Jazz,0.8862887899288171,0.22345803842264914,Asia
318,Artist_318,Pop,0.6329609286102755,0.22042467138523758,Europe
319,Artist_319,Hip-Hop,0.27933264163855404,0.025278058645096052,Asia
320,Artist_320,Classical,0.159461401223778,0.9049544994944388,South America
321,Artist_321,Electronic,0.02132379945132683,0.5116279069767442,Australia
322,Artist_322,Pop,0.8005892115682942,0.6076845298281093,Australia
323,Artist_323,Hip-Hop,0.1194146817234037,0.5662285136501517,North America
324,Artist_324,Hip-Hop,0.4368323456279739,0.08291203235591507,North America
325,Artist_325,Rock,0.023158061622378805,0.23255813953488372,Asia
326,Artist_326,Country,0.6515313279536338,0.2901921132457027,South America
327,Artist_327,Pop,0.2142644989995846,0.5985844287158746,Asia
328,Artist_328,Classical,0.6613418209768149,0.9706774519716885,Africa
329,Artist_329,Rock,0.7528562512417394,0.02426693629929222,Australia
330,Artist_330,Rock,0.8522234909982681,0.8412537917087968,North America
331,Artist_331,Jazz,0.6882085439691106,0.6006066734074823,Australia
332,Artist_332,Rock,0.7865703511789249,0.5247724974721941,North America
333,Artist_333,Rock,0.25057245435918224,0.6653185035389282,South America
334,Artist_334,Hip-Hop,0.31950679620223443,0.29322548028311424,Asia
335,Artist_335,Rock,0.928308244346198,0.8736097067745198,Africa
336,Artist_336,Country,0.3949102235030394,0.14155712841253792,Australia
337,Artist_337,Hip-Hop,0.4124380635489562,0.021233569261880685,Asia
338,Artist_338,Rock,0.14508933498965468,0.5935288169868554,Europe
339,Artist_339,Electronic,0.11898019839732848,0.7684529828109201,Asia
340,Artist_340,Pop,0.26075421488963324,0.6349848331648129,South America
341,Artist_341,Hip-Hop,0.593291497171343,0.9039433771486349,Africa
342,Artist_342,Classical,0.6966985287772456,0.6066734074823054,Australia
343,Artist_343,Classical,0.7159964117497136,0.19211324570273003,Australia
344,Artist_344,Rock,0.13945911341319264,0.20424671385237614,Europe
345,Artist_345,Hip-Hop,0.555690126090473,0.5672396359959555,Europe
346,Artist_346,Classical,0.6556804932037978,0.493427704752275,Africa
347,Artist_347,Classical,0.5906585081468133,0.22649140546006066,South America
348,Artist_348,Jazz,0.5261683387083503,0.6410515672396361,Africa
349,Artist_349,Pop,0.6682504068891195,0.2780586450960566,North America
350,Artist_350,Country,0.5130445340392099,0.2153690596562184,Australia
351,Artist_351,Country,0.08468310813115978,0.5399393326592519,Australia
352,Artist_352,Hip-Hop,0.920837740044512,0.5116279069767442,Asia
353,Artist_353,Country,0.4434288661490328,0.7451971688574317,South America
354,Artist_354,Jazz,0.7111388279586509,0.5844287158746209,Europe
355,Artist_355,Electronic,0.5993381404113645,0.5561172901921132,Europe
356,Artist_356,Jazz,0.5691400441105936,0.18806875631951467,Africa
357,Artist_357,Electronic,0.4202868593377792,0.6309403437815976,Australia
358,Artist_358,Electronic,0.5510502856752955,0.537917087967644,North America
359,Artist_359,Country,0.7929471214727078,0.0030333670374115274,Asia
360,Artist_360,Pop,0.33458126042308445,0.6380182002022244,Asia
361,Artist_361,Jazz,0.9683920905972992,0.13346814964610718,South America
362,Artist_362,Country,0.7229621929266516,0.8028311425682507,Australia
363,Artist_363,Electronic,0.3978823704125886,0.8351870576339736,North America
364,Artist_364,Country,0.6452870098516336,0.7876643073811931,Asia
365,Artist_365,Electronic,0.17035057686943225,0.30131445904954496,Africa
366,Artist_366,Rock,0.0022035228269311436,0.7906976744186046,North America
367,Artist_367,Classical,0.6943073653452889,0.9524772497472194,South America
368,Artist_368,Pop,0.5224135197564486,0.5460060667340748,Asia
369,Artist_369,Rock,0.7110826361197128,0.7906976744186046,Africa
370,Artist_370,Hip-Hop,0.44926077629025496,0.12740141557128415,North America
371,Artist_371,Jazz,0.9289674950280258,0.46511627906976744,Australia
372,Artist_372,Hip-Hop,0.770783454714395,0.34883720930232553,North America
373,Artist_373,Jazz,0.3741222533730155,0.12537917087967645,Asia
374,Artist_374,Hip-Hop,0.7396862889906141,0.8200202224469162,Africa
375,Artist_375,Hip-Hop,0.9981376419094791,0.8028311425682507,North America
376,Artist_376,Classical,0.11260342810354551,0.47421638018200196,Asia
377,Artist_377,Country,0.8694643512953223,0.865520728008089,Asia
378,Artist_378,Country,0.8531556734692239,0.2810920121334681,Africa
379,Artist_379,Country,0.8740620478312962,0.3407482305358948,Asia
380,Artist_380,Electronic,0.8374972154936955,0.31041456016177954,South America
381,Artist_381,Jazz,0.25324156670874365,0.961577350859454,South America
382,Artist_382,Hip-Hop,0.4407627640765574,0.5187057633973712,South America
383,Artist_383,Electronic,0.12965965807266006,0.5743174924165825,Australia
384,Artist_384,Jazz,0.8841484829206913,0.07280080889787663,Europe
385,Artist_385,Country,0.9870086475226424,0.10313447927199193,Asia
386,Artist_386,Hip-Hop,0.17821141376659919,0.8756319514661274,North America
387,Artist_387,Rock,0.1669218712685107,0.2295247724974722,Europe
388,Artist_388,Pop,0.043508538149241514,0.018200202224469164,Australia
389,Artist_389,Rock,0.5625254619270189,0.07684529828109202,Asia
390,Artist_390,Electronic,0.9628832835299714,0.9625884732052578,Australia
391,Artist_391,Rock,0.9661785335134149,0.4954499494438827,North America
392,Artist_392,Classical,0.6122963798407765,0.8736097067745198,Australia
393,Artist_393,Country,0.3983921106658131,0.43983822042467136,South America
394,Artist_394,Jazz,0.5217261731551517,0.34479271991911015,Africa
395,Artist_395,Classical,0.7870359407015551,0.043478260869565216,Africa
396,Artist_396,Rock,0.9855787659068059,0.5106167846309404,Africa
397,Artist_397,Country,0.5184620293682632,0.14964610717896867,Africa
398,Artist_398,Pop,0.312651391851782,0.544994944388271,Europe
399,Artist_399,Classical,0.42558595043478437,0.8746208291203236,North America
400,Artist_400,Jazz,0.6416315300435688,0.8109201213346814,Europe
401,Artist_401,Rock,0.11265861651678832,0.9089989888776542,Australia
402,Artist_402,Pop,0.537641508108683,0.8392315470171892,Europe
403,Artist_403,Classical,0.9829688556732686,0.6086956521739131,South America
404,Artist_404,Classical,0.030561336402478066,0.403437815975733,Asia
405,Artist_405,Pop,0.736649922836564,0.8887765419615774,North America
406,Artist_406,Hip-Hop,0.16456281745880436,0.8382204246713852,Africa
407,Artist_407,Pop,0.4695791431948673,0.9079878665318504,Europe
408,Artist_408,Country,0.6269915491487941,0.723963599595551,Australia
409,Artist_409,Pop,0.4170026470369843,0.0717896865520728,Europe
410,Artist_410,Country,0.1289582635116287,0.5581395348837209,Asia
411,Artist_411,Rock,0.9857262694840185,0.6137512639029322,South America
412,Artist_412,Hip-Hop,0.3588832273381324,0.23963599595551063,South America
413,Artist_413,Rock,0.05571220145577,0.6916076845298281,Africa
414,Artist_414,Jazz,0.9475509389054232,0.46107178968655205,North America
415,Artist_415,Rock,0.8552949770516544,0.4469160768452982,Europe
416,Artist_416,Pop,0.611749512836825,0.7664307381193124,North America
417,Artist_417,Hip-Hop,0.23140903042988764,0.9908998988877654,Asia
418,Artist_418,Jazz,0.6257964691456633,0.9241658240647118,Asia
419,Artist_419,Classical,0.6328886819602122,0.47017189079878663,North America
420,Artist_420,Jazz,0.23110499244420452,0.08998988877654196,South America
421,Artist_421,Country,0.8432779509244561,0.9635995955510618,Africa
422,Artist_422,Rock,0.908341076434949,0.04752275025278058,North America
423,Artist_423,Hip-Hop,0.42263186518775103,0.1698685540950455,South America
424,Artist_424,Electronic,0.40678877688428294,0.8624873609706776,Europe
425,Artist_425,Classical,0.9731784311639939,0.38119312436804853,Asia
426,Artist_426,Jazz,0.32063364325808313,0.5419615773508595,North America
427,Artist_427,Jazz,0.7237127553467538,0.3508594539939332,South America
428,Artist_428,Classical,0.41531990214592623,0.82103134479272,Asia
429,Artist_429,Jazz,0.46691203769669654,0.34782608695652173,Asia
430,Artist_430,Jazz,0.5410381040873543,0.28918099089989885,South America
431,Artist_431,Rock,0.6615314684332311,0.03741152679474216,South America
432,Artist_432,Electronic,0.3241516537458885,0.24469160768452983,North America
433,Artist_433,Pop,0.8744453564469098,0.307381193124368,North America
434,Artist_434,Rock,0.9134344652644127,0.6562184024266936,Asia
435,Artist_435,Hip-Hop,0.03948179083390696,0.029322548028311426,South America
436,Artist_436,Hip-Hop,0.47564384809740456,0.5985844287158746,Asia
437,Artist_437,Hip-Hop,0.4865139586548477,0.9848331648129424,North America
438,Artist_438,Electronic,0.762547336607177,0.80788675429727,North America
439,Artist_439,Classical,0.4476302095353537,0.5581395348837209,South America
440,Artist_440,Classical,0.5043046962329393,0.1911021233569262,Australia
441,Artist_441,Classical,0.6846534067305783,0.15874620829120323,North America
442,Artist_442,Classical,0.21570642172376495,0.7330637007077856,Africa
443,Artist_443,Hip-Hop,0.23537757905489343,0.134479271991911,Asia
444,Artist_444,Hip-Hop,0.5638660386559715,0.6723963599595552,Europe
445,Artist_445,Hip-Hop,0.7178025780012964,0.5207280080889788,Asia
446,Artist_446,Jazz,0.15429074861577427,0.9828109201213348,North America
447,Artist_447,Hip-Hop,0.05463953938746882,0.1263902932254803,South America
448,Artist_448,Classical,0.2925397306404064,0.4954499494438827,Asia
449,Artist_449,Country,0.7681193594933102,0.5975733063700708,Africa
450,Artist_450,Electronic,0.4691807831938237,0.0717896865520728,Australia
451,Artist_451,Pop,0.946478276837122,0.22548028311425683,Africa
452,Artist_452,Hip-Hop,0.9861236260593668,0.043478260869565216,Europe
453,Artist_453,Electronic,0.7127312645371298,0.9443882709807886,Australia
454,Artist_454,Hip-Hop,0.9371193253768366,0.44893832153690594,South America
455,Artist_455,Pop,0.507786583395713,0.9019211324570272,Australia
456,Artist_456,Pop,0.5920813657827825,0.04145601617795753,Australia
457,Artist_457,Hip-Hop,0.34053358164774544,0.3629929221435793,North America
458,Artist_458,Hip-Hop,0.36401273949262786,0.19312436804853386,South America
459,Artist_459,Electronic,0.0277085971506724,0.1678463094034378,Asia
460,Artist_460,Rock,0.19845552716975756,0.9666329625884732,Asia
461,Artist_461,Country,0.6589857774441945,0.9817997977755308,North America
462,Artist_462,Pop,0.9482693917032751,0.9716885743174924,North America
463,Artist_463,Classical,0.22513962668550433,0.9433771486349848,Asia
464,Artist_464,Country,0.2970270503498946,0.3751263902932255,North America
465,Artist_465,Rock,0.4573674524827762,0.2537917087967644,Asia
466,Artist_466,Jazz,0.056667462717718296,0.28816986855409504,North America
467,Artist_467,Jazz,0.6225032260136105,0.3195146612740141,South America
468,Artist_468,Classical,0.7750971817785922,0.43781597573306363,Australia
469,Artist_469,Hip-Hop,0.5681777588687781,0.5530839231547018,South America
470,Artist_470,Electronic,0.009188369092080362,0.9261880687563195,Asia
471,Artist_471,Classical,0.22745754004170238,0.0020222446916076837,Australia
472,Artist_472,Country,0.6828111171539637,0.6744186046511628,Europe
473,Artist_473,Country,0.24728422835560607,0.11223458038422648,Africa
474,Artist_474,Rock,0.895974858165778,0.673407482305359,South America
475,Artist_475,Jazz,0.8496587349210204,0.020222446916076844,South America
476,Artist_476,Rock,0.13109054311419185,0.5500505561172903,South America
477,Artist_477,Jazz,0.4640261853969452,0.3498483316481294,North America
478,Artist_478,Hip-Hop,0.8699951634881486,0.7482305358948432,Africa
479,Artist_479,Electronic,0.8767401910121154,0.5136501516683518,Africa
480,Artist_480,Classical,0.23235124715779673,0.7906976744186046,Africa
481,Artist_481,Pop,0.1853267053721405,0.8088978766430738,Australia
482,Artist_482,Electronic,0.49354797277906776,0.884732052578362,South America
483,Artist_483,Electronic,0.8217333978201581,0.36905965621840237,North America
484,Artist_484,Classical,0.603163199161939,0.16885743174924167,North America
485,Artist_485,Hip-Hop,0.5806754259040364,0.4297269969666329,South America
486,Artist_486,Hip-Hop,0.5192998898238587,0.4630940343781597,Africa
487,Artist_487,Electronic,0.3649027780843801,0.4297269969666329,Africa
488,Artist_488,Hip-Hop,0.8878200175398813,0.49140546006066727,South America
489,Artist_489,Hip-Hop,0.8333209577497578,0.15166835187057634,South America
490,Artist_490,Electronic,0.6459723496015397,0.31041456016177954,Australia
491,Artist_491,Electronic,0.11388179243938808,0.9261880687563195,Africa
492,Artist_492,Jazz,0.039485804536688256,0.44388270980788674,Africa
493,Artist_493,Electronic,0.1257462978608971,0.7290192113245703,North America
494,Artist_494,Electronic,0.932457409596362,0.7087967644084935,Asia
495,Artist_495,Hip-Hop,0.9437118321951142,0.3286147623862487,South America
496,Artist_496,Rock,0.8524623063137552,0.23559150657229527,Africa
497,Artist_497,Hip-Hop,0.6781622459075284,0.07684529828109202,South America
498,Artist_498,Electronic,0.2868703754618267,0.8048533872598584,Australia
499,Artist_499,Rock,0.42085680513272317,0.4580384226491405,North America
500,Artist_500,Electronic,0.22705516633787753,0.8291203235591508,North America
501,Artist_501,Hip-Hop,0.1826244799746334,0.38220424671385234,North America
502,Artist_502,Jazz,0.0006201170797101307,0.7967644084934278,Australia
503,Artist_503,Jazz,0.35447818853566077,0.23356926188068758,Africa
504,Artist_504,Jazz,0.5017178647903945,0.7098078867542973,South America
505,Artist_505,Hip-Hop,0.9193014953049713,0.03943377148634985,North America
506,Artist_506,Country,0.755922720166649,0.07583417593528816,Africa
507,Artist_507,Country,0.12617676748419104,0.3195146612740141,South America
508,Artist_508,Jazz,0.418231843513756,0.9211324570273004,Asia
509,Artist_509,Rock,0.49094910022817906,0.12032355915065723,Asia
510,Artist_510,Classical,0.5752960607514054,0.8028311425682507,Australia
511,Artist_511,Classical,0.02026317849136954,0.35692618806875626,North America
512,Artist_512,Country,0.19449901965309568,0.3296258847320525,South America
513,Artist_513,Jazz,0.899438683666036,0.29322548028311424,South America
514,Artist_514,Jazz,0.7748653904429723,0.5025278058645096,Australia
515,Artist_515,Rock,0.9551669399329311,0.8301314459049546,North America
516,Artist_516,Country,0.7330737136584299,0.345803842264914,Africa
517,Artist_517,Jazz,0.17133895117932624,0.46208291203235585,Europe
518,Artist_518,Country,0.12671259680549396,0.705763397371082,Asia
519,Artist_519,Pop,0.6693401271942412,0.09403437815975732,Africa
520,Artist_520,Country,0.274477064698882,0.6056622851365016,Europe
521,Artist_521,Hip-Hop,0.3181581920677192,0.1435793731041456,Europe
522,Artist_522,Hip-Hop,0.6366786208114503,0.1577350859453994,North America
523,Artist_523,Pop,0.3348501785094312,0.5834175935288171,Asia
524,Artist_524,Rock,0.24476562986034323,0.1961577350859454,Australia
525,Artist_525,Classical,0.9703276987635789,0.5995955510616785,Australia
526,Artist_526,Rock,0.23646529250862447,0.897876643073812,South America
527,Artist_527,Pop,0.7738218277198355,0.45399393326592513,Australia
528,Artist_528,Classical,0.6401374291832316,0.6299292214357938,Asia
529,Artist_529,Country,0.1807259985590807,0.2699696663296259,Europe
530,Artist_530,Classical,0.7124974663501193,0.5267947421638018,Asia
531,Artist_531,Electronic,0.3972000409397684,0.7684529828109201,Asia
532,Artist_532,Pop,0.36269423812897233,0.967644084934277,Australia
533,Artist_533,Hip-Hop,0.6461680176121278,0.788675429726997,North America
534,Artist_534,Jazz,0.42956152303965744,0.40546006066734075,Africa
535,Artist_535,Country,0.02733431936631661,0.890798786653185,South America
536,Artist_536,Rock,0.9056629332541297,0.11830131445904954,Australia
537,Artist_537,Country,0.9519248715113398,0.917087967644085,North America
538,Artist_538,Jazz,0.02533549538123153,0.9474216380182002,Europe
539,Artist_539,Classical,0.6970457140678276,0.43983822042467136,Europe
540,Artist_540,Country,0.429389937245757,0.865520728008089,Europe
541,Artist_541,Hip-Hop,0.6029956270708198,0.5025278058645096,North America
542,Artist_542,Jazz,0.6425486611290948,0.8281092012133467,South America
543,Artist_543,Hip-Hop,0.7486478838755511,0.29322548028311424,Asia
544,Artist_544,Hip-Hop,0.806007710323043,0.02831142568250758,North America
545,Artist_545,Pop,0.4818098989951695,0.7987866531850354,North America
546,Artist_546,Pop,0.2165382616251884,0.32355915065722946,North America
547,Artist_547,Pop,0.8529299026877761,0.2153690596562184,Asia
548,Artist_548,Hip-Hop,0.5745143921347481,0.6663296258847321,Australia
549,Artist_549,Country,0.34222134366728013,0.47320525783619816,Africa
550,Artist_550,Jazz,0.1736197377847973,0.6208291203235592,Africa
551,Artist_551,Pop,0.4172284178184322,0.660262891809909,Europe
552,Artist_552,Jazz,0.20491357494486176,0.09403437815975732,Australia
553,Artist_553,Hip-Hop,0.7263527683511509,0.5915065722952477,South America
554,Artist_554,Country,0.17583630514576765,0.9989888776541961,Australia
555,Artist_555,Electronic,0.49366035645694406,0.2952477249747219,Europe
556,Artist_556,Electronic,0.09941139048712304,0.09807886754297271,South America
557,Artist_557,Country,0.4444463398040912,0.5419615773508595,Europe
558,Artist_558,Electronic,0.936798229154333,0.39534883720930225,Asia
559,Artist_559,Rock,0.21618104207765312,0.5328614762386249,Europe
560,Artist_560,Rock,0.7378068726632725,0.2649140546006067,Australia
561,Artist_561,Hip-Hop,0.644042761989432,0.8372093023255814,Australia
562,Artist_562,Pop,0.7956623914042542,0.6188068756319515,South America
563,Artist_563,Hip-Hop,0.33912978909998737,0.3832153690596562,Europe
564,Artist_564,Electronic,0.8429698992359917,0.049544994944388264,Africa
565,Artist_565,Hip-Hop,0.9883572516571576,0.44994944388270974,Asia
566,Artist_566,Hip-Hop,0.13956748338828762,0.9878665318503538,Australia
567,Artist_567,Classical,0.04622481150648314,0.6268958543983822,North America
568,Artist_568,Electronic,0.5702869596803487,0.10616784630940343,South America
569,Artist_569,Pop,0.021782364994089826,0.41456016177957533,Australia
570,Artist_570,Jazz,0.5312306213412591,0.2416582406471183,South America
571,Artist_571,Country,0.4686971320086777,0.47623862487360963,Australia
572,Artist_572,Hip-Hop,0.3192469089471456,0.44388270980788674,South America
573,Artist_573,Hip-Hop,0.18903235646497143,0.09908998988877654,South America
574,Artist_574,Hip-Hop,0.6341630325932734,0.8250758341759352,Asia
575,Artist_575,Hip-Hop,0.08226384877973401,0.10717896865520726,North America
576,Artist_576,Country,0.3848609151643712,0.58948432760364,Europe
577,Artist_577,Rock,0.7980435205792576,0.5743174924165825,Australia
578,Artist_578,Pop,0.3423547992847582,0.1961577350859454,Europe
579,Artist_579,Rock,0.27706690641851284,0.7724974721941356,Europe
580,Artist_580,Hip-Hop,0.1788395582518719,0.38523761375126386,Africa
581,Artist_581,Rock,0.6657719454216696,0.9706774519716885,Asia
582,Artist_582,Pop,0.9116664291892522,0.9838220424671386,North America
583,Artist_583,Electronic,0.27128817783914283,0.2527805864509605,Europe
584,Artist_584,Rock,0.9246176446387969,0.9534883720930232,Australia
585,Artist_585,Rock,0.9970800312266077,0.6046511627906976,Asia
586,Artist_586,Classical,0.6143142689140727,0.6258847320525783,Europe
587,Artist_587,Hip-Hop,0.143014250651725,0.43882709807886755,Africa
588,Artist_588,Classical,0.6771999606657128,0.5975733063700708,Asia
589,Artist_589,Classical,0.184215913127417,0.6339737108190091,Europe
590,Artist_590,Pop,0.9505010104496753,0.42770475227502525,South America
591,Artist_591,Hip-Hop,0.6247870228961676,0.8736097067745198,Africa
592,Artist_592,Electronic,0.33307913215718465,0.48230535894843274,Africa
593,Artist_593,Electronic,0.0957850100242227,0.7401415571284126,North America
594,Artist_594,Hip-Hop,0.6516447150572053,0.43680485338725983,Australia
595,Artist_595,Jazz,0.5750401871990978,0.14459049544994945,Europe
596,Artist_596,Rock,0.8663798207078969,0.11526794742163801,Asia
597,Artist_597,Pop,0.04553947175657696,0.0455005055611729,South America
598,Artist_598,Pop,0.2741459342194251,0.6582406471183013,Asia
599,Artist_599,Rock,0.9006929657851908,0.9878665318503538,South America
600,Artist_600,Rock,0.026888798357592825,0.7917087967644084,Australia
601,Artist_601,Electronic,0.21818789346830078,0.4297269969666329,Asia
602,Artist_602,Pop,0.4027911289141128,0.34277047522750254,Europe
603,Artist_603,Pop,0.682208058311074,0.3791708796764408,Australia
604,Artist_604,Electronic,0.670315456970096,0.7027300303336703,Africa
605,Artist_605,Pop,0.04260344817205942,0.36501516683518703,Asia
606,Artist_606,Jazz,0.8380220071323499,0.12234580384226493,Asia
607,Artist_607,Pop,0.1446699030490093,0.43377148634984825,Africa
608,Artist_608,Electronic,0.04507689251103267,0.22446916076845297,South America
609,Artist_609,Pop,0.44829247049426746,0.7451971688574317,North America
610,Artist_610,Rock,0.2991844155948408,0.5490394337714863,North America
611,Artist_611,Hip-Hop,0.786205104225827,0.9464105156723964,South America
612,Artist_612,Rock,0.6768688301862559,0.5733063700707786,Europe
613,Artist_613,Classical,0.3202884648188917,0.0839231547017189,Asia
614,Artist_614,Rock,0.6267136002311893,0.14155712841253792,Africa
615,Artist_615,Jazz,0.6834272205308926,0.62891809908999,Australia
616,Artist_616,Pop,0.27356595416752794,0.7168857431749243,Asia
617,Artist_617,Hip-Hop,0.8826313032693617,0.9848331648129424,North America
618,Artist_618,Hip-Hop,0.5662712500476628,0.22649140546006066,Africa
619,Artist_619,Rock,0.9074851543168377,0.9373104145601617,Africa
620,Artist_620,Country,0.9620554573313292,0.3862487360970677,Europe
621,Artist_621,Rock,0.0022366358748768297,0.5712841253791708,Asia
622,Artist_622,Hip-Hop,0.5829933392602344,0.8452982810920122,South America
623,Artist_623,Rock,0.24448968779412916,0.5207280080889788,Europe
624,Artist_624,Electronic,0.25290742595220084,0.2952477249747219,North America
625,Artist_625,Classical,0.2458382919286444,0.43781597573306363,Asia
626,Artist_626,Classical,0.18683585761790755,0.14560161779575329,South America
627,Artist_627,Jazz,0.3430802760624773,0.34479271991911015,Asia
628,Artist_628,Rock,0.35346773886046967,0.8382204246713852,Africa
629,Artist_629,Electronic,0.06740010395490204,0.4590495449949443,Africa
630,Artist_630,Hip-Hop,0.21259279179117507,0.09807886754297271,Asia
631,Artist_631,Pop,0.5561326368221107,0.5813953488372092,Asia
632,Artist_632,Pop,0.7522672403585843,0.974721941354904,Europe
633,Artist_633,Pop,0.7430557924755115,0.6006066734074823,Australia
634,Artist_634,Electronic,0.8536784582564877,0.6814964610717896,Europe
635,Artist_635,Rock,0.25890891503593266,0.5631951466127402,North America
636,Artist_636,Classical,0.5090769888398995,0.9858442871587462,Asia
637,Artist_637,Jazz,0.49732386367057135,0.8897876643073812,North America
638,Artist_638,Electronic,0.6641674677348468,0.10212335692618807,Asia
639,Artist_639,Rock,0.03362579847599706,0.935288169868554,Africa
640,Artist_640,Rock,0.10448471080268035,0.2901921132457027,Australia
641,Artist_641,Electronic,0.17854254424605603,0.3296258847320525,North America
642,Artist_642,Country,0.6268510695514486,0.5611729019211324,Asia
643,Artist_643,Pop,0.07241422215443524,0.9524772497472194,South America
644,Artist_644,Classical,0.16375305292267803,0.890798786653185,Australia
645,Artist_645,Electronic,0.21300821002903916,0.20728008088978767,Australia
646,Artist_646,Hip-Hop,0.23460895497227535,0.47219413549039424,Europe
647,Artist_647,Country,0.733981813912698,0.1961577350859454,Australia
648,Artist_648,Country,0.7478672186845893,0.9221435793731042,Europe
649,Artist_649,Country,0.08422353916270146,0.5429726996966633,Africa
650,Artist_650,Rock,0.06104942272919749,0.47421638018200196,Australia
651,Artist_651,Classical,0.575533872641197,0.7290192113245703,Australia
652,Artist_652,Pop,0.7059541273909127,0.1678463094034378,Asia
653,Artist_653,Electronic,0.10832983806716129,0.24064711830131444,Africa
654,Artist_654,Electronic,0.29362443381705144,0.8998988877654196,Australia
655,Artist_655,Classical,0.1141948612563291,0.32254802831142565,Asia
656,Artist_656,Rock,0.6561280210639122,0.6198179979777554,Europe
657,Artist_657,Rock,0.08756595015382516,0.9777553083923154,Asia
658,Artist_658,Rock,0.41150186737521904,0.6390293225480284,North America
659,Artist_659,Jazz,0.37731415050984063,0.5085945399393327,Europe
660,Artist_660,Classical,0.6132105006492165,0.07482305358948432,Africa
661,Artist_661,Jazz,0.9685707003710669,0.5166835187057635,Europe
662,Artist_662,Rock,0.17755216308477142,0.41152679474216375,Europe
663,Artist_663,Pop,0.7599364229479444,0.27603640040444893,Australia
664,Artist_664,Jazz,0.6556774829267118,0.2861476238624873,North America
665,Artist_665,Rock,0.6790924215270936,0.9939332659251768,South America
666,Artist_666,Classical,0.02745272359836482,0.7532861476238625,Australia
667,Artist_667,Hip-Hop,0.8299745330558528,0.9939332659251768,North America
668,Artist_668,Jazz,0.7316749382391485,0.025278058645096052,Australia
669,Artist_669,Hip-Hop,0.014074048802612121,0.25581395348837205,Europe
670,Artist_670,Rock,0.2099036109277072,0.0839231547017189,Asia
671,Artist_671,Classical,0.3424732035168064,0.43478260869565216,Africa
672,Artist_672,Jazz,0.03996243174196708,0.05965621840242668,Europe
673,Artist_673,Country,0.9305498973495514,0.005055611729019211,Australia
674,Artist_674,Electronic,0.0509549602342397,0.5824064711830131,Asia
675,Artist_675,Country,0.7572502523615624,0.5884732052578362,Africa
676,Artist_676,Pop,0.08115506338640117,0.7178968655207281,Asia
677,Artist_677,Pop,0.9722020979624438,0.4590495449949443,Asia
678,Artist_678,Country,0.35615691972393754,0.3154701718907988,Africa
679,Artist_679,Classical,0.08830246461419286,0.6936299292214358,South America
680,Artist_680,Classical,0.777764287276763,0.16177957532861476,Asia
681,Artist_681,Jazz,0.543748356890424,0.7987866531850354,North America
682,Artist_682,Country,0.013607455854286535,0.04651162790697675,South America
683,Artist_683,Hip-Hop,0.6347691017132491,0.05156723963599595,Africa
684,Artist_684,Pop,0.025721814273931203,0.954499494438827,Africa
685,Artist_685,Jazz,0.6887604281015387,0.5601617795753286,South America
686,Artist_686,Classical,0.6473189468846643,1.0,Europe
687,Artist_687,Electronic,0.17160887269136835,0.01718907987866532,Asia
688,Artist_688,Electronic,0.5630944042962674,0.2649140546006067,Asia
689,Artist_689,Country,0.6947378349685828,0.13346814964610718,North America
690,Artist_690,Hip-Hop,0.2475641841246014,0.05965621840242668,South America
691,Artist_691,Hip-Hop,0.08739837806270608,0.9433771486349848,Asia
692,Artist_692,Electronic,0.2057153120754255,0.833164812942366,North America
693,Artist_693,Classical,0.10239357165362548,0.8281092012133467,Europe
694,Artist_694,Country,0.7950553188585833,0.05156723963599595,North America
695,Artist_695,Hip-Hop,0.5025868314425449,0.1769464105156724,South America
696,Artist_696,Classical,0.40056151701910325,0.47118301314459043,Australia
697,Artist_697,Rock,0.1802413439482393,0.46814964610717896,South America
698,Artist_698,Classical,0.670278330219369,0.7856420626895855,Australia
699,Artist_699,Hip-Hop,0.9441974902316509,0.9160768452982812,North America
700,Artist_700,Country,0.4456012827794089,0.35692618806875626,Asia
701,Artist_701,Jazz,0.7181166502439328,0.9848331648129424,North America
702,Artist_702,Electronic,0.7240950605366723,0.16481294236602628,Europe
703,Artist_703,Classical,0.9095170913498685,0.9201213346814964,Europe
704,Artist_704,Electronic,0.7026187403796562,0.060667340748230526,Europe
705,Artist_705,Hip-Hop,0.027899248032783926,0.897876643073812,Australia
706,Artist_706,Electronic,0.16208636284274514,0.24368048533872597,Europe
707,Artist_707,Country,0.5171425245789124,0.17997977755308392,North America
708,Artist_708,Classical,0.39304987226390903,0.45601617795753285,Europe
709,Artist_709,Jazz,0.12809431398795487,0.8634984833164814,Asia
710,Artist_710,Rock,0.16762226240384673,0.43983822042467136,Asia
711,Artist_711,Electronic,0.6919934656918721,0.4944388270980788,South America
712,Artist_712,Jazz,0.3659724298755953,0.37310414560161775,South America
713,Artist_713,Jazz,0.016481267045694,0.2568250758341759,Africa
714,Artist_714,Classical,0.4367590955522153,0.1789686552072801,Asia
715,Artist_715,Electronic,0.02125054937556819,0.010111223458038422,Africa
716,Artist_716,Hip-Hop,0.2068762756049152,0.5581395348837209,North America
717,Artist_717,Country,0.3738734038005752,0.8281092012133467,Europe
718,Artist_718,Jazz,0.5956826606032997,0.47118301314459043,South America
719,Artist_719,Electronic,0.6134493159647035,0.6076845298281093,Europe
720,Artist_720,Country,0.722495599978326,0.20829120323559153,Europe
721,Artist_721,Rock,0.5037477949720346,0.22750252780586452,Australia
722,Artist_722,Pop,0.8690750221255367,0.8948432760364003,North America
723,Artist_723,Country,0.7236916834071521,0.6895854398382204,North America
724,Artist_724,Rock,0.8216521203388368,0.38422649140546,North America
725,Artist_725,Hip-Hop,0.27623606994278466,0.7684529828109201,Australia
726,Artist_726,Rock,0.21314367249790786,0.6319514661274014,Africa
727,Artist_727,Pop,0.08195278681418362,0.24064711830131444,South America
728,Artist_728,Hip-Hop,0.868583343534828,0.48331648129423654,North America
729,Artist_729,Classical,0.7470183205463453,0.46612740141557124,Africa
730,Artist_730,Classical,0.33254330283588174,0.3751263902932255,South America
731,Artist_731,Pop,0.6025651574475259,0.3832153690596562,South America
732,Artist_732,Pop,0.05142054975686996,0.03235591506572295,Africa
733,Artist_733,Country,0.9013361616558933,0.31749241658240646,Africa
734,Artist_734,Country,0.22378098829403584,0.44489383215369055,North America
735,Artist_735,Country,0.08201299235590305,0.9939332659251768,Europe
736,Artist_736,Pop,0.1781030437915042,0.008088978766430738,Asia
737,Artist_737,Classical,0.3890953715986378,0.02730030333670374,South America
738,Artist_738,Hip-Hop,0.83075620167251,0.7421638018200203,South America
739,Artist_739,Country,0.005751636085596226,0.6693629929221435,Europe
740,Artist_740,Classical,0.5518429919746013,0.15672396359959553,North America
741,Artist_741,Country,0.55727654211478,0.13346814964610718,Africa
742,Artist_742,Rock,0.2001663679802847,0.32355915065722946,South America
743,Artist_743,Pop,0.30963810448872453,0.006066734074823055,South America
744,Artist_744,Classical,0.536033016719079,0.36905965621840237,Asia
745,Artist_745,Pop,0.5594278868055542,0.980788675429727,North America
746,Artist_746,Jazz,0.2824121550975029,0.5520728008088979,Asia
747,Artist_747,Electronic,0.582694318403028,0.5975733063700708,North America
748,Artist_748,Hip-Hop,0.021095018392793,0.5085945399393327,North America
749,Artist_749,Jazz,0.335862635036013,0.9261880687563195,North America
750,Artist_750,Country,0.6236551587118423,0.11021233569261879,Europe
751,Artist_751,Country,0.17441645778688444,0.18099089989888775,Australia
752,Artist_752,Classical,0.8166119130712253,0.5166835187057635,Australia
753,Artist_753,Jazz,0.9330062834517042,0.7987866531850354,South America
754,Artist_754,Jazz,0.8107930474640423,0.8372093023255814,North America
755,Artist_755,Pop,0.2701292211610438,0.2810920121334681,South America
756,Artist_756,Hip-Hop,0.7153542193047063,0.763397371081901,Asia
757,Artist_757,Hip-Hop,0.3215919147971174,0.41253791708796755,Africa
758,Artist_758,Pop,0.0588609512876962,0.45702730030333666,South America
759,Artist_759,Country,0.18267665811079026,0.2861476238624873,North America
760,Artist_760,Jazz,0.04904243085895247,0.09807886754297271,Europe
761,Artist_761,Pop,0.7883654797478592,0.9271991911021233,South America
762,Artist_762,Country,0.9178324800870171,0.3367037411526795,Africa
763,Artist_763,Electronic,0.6225925309004944,0.5247724974721941,Europe
764,Artist_764,Country,0.4619230051395464,0.1526794742163802,Europe
765,Artist_765,Country,0.10481684470783255,0.33973710819009095,Asia
766,Artist_766,Hip-Hop,0.8185595623458488,0.5439838220424672,North America
767,Artist_767,Jazz,0.8431123856847277,0.5834175935288171,Europe
768,Artist_768,Country,0.8025057546463628,0.6572295247724974,Australia
769,Artist_769,Hip-Hop,0.3231883650783776,0.8624873609706776,Africa
770,Artist_770,Country,0.6285659240647571,0.8291203235591508,Australia
771,Artist_771,Rock,0.1936029605071715,0.38119312436804853,Asia
772,Artist_772,Classical,0.7012229752374607,0.9787664307381192,North America
773,Artist_773,Pop,0.6188035954749516,0.5136501516683518,Asia
774,Artist_774,Classical,0.28103344819212794,0.9464105156723964,Asia
775,Artist_775,Hip-Hop,0.23304361088757017,0.6653185035389282,North America
776,Artist_776,Hip-Hop,0.08245550308754086,0.26895854398382196,South America
777,Artist_777,Rock,0.45851236120114075,0.3255813953488372,North America
778,Artist_778,Electronic,0.031783508899382494,0.2810920121334681,Asia
779,Artist_779,Electronic,0.7857886825622676,0.7694641051567239,Australia
780,Artist_780,Pop,0.9893476328184423,0.45601617795753285,Africa
781,Artist_781,Rock,0.5971536826726445,0.19716885743174922,Africa
782,Artist_782,Hip-Hop,0.3401793723772961,0.35591506572295245,North America
783,Artist_783,Rock,0.6843533824476764,0.6663296258847321,Europe
784,Artist_784,Jazz,0.4677820077745423,0.36097067745197164,South America
785,Artist_785,Hip-Hop,0.7936535331622159,0.6329625884732053,Africa
786,Artist_786,Rock,0.43865055298790073,0.09908998988877654,South America
787,Artist_787,Pop,0.5255301599661244,0.7795753286147623,North America
788,Artist_788,Jazz,0.06000887028314667,0.5207280080889788,North America
789,Artist_789,Rock,0.554866313594612,0.5156723963599595,Asia
790,Artist_790,Country,0.3566556222945135,0.7098078867542973,Australia
791,Artist_791,Rock,0.6074137104073307,0.9322548028311426,Asia
792,Artist_792,Jazz,0.7914650617207146,0.1385237613751264,North America
793,Artist_793,Classical,0.6719179278055282,0.8958543983822044,Asia
794,Artist_794,Hip-Hop,0.021800426656605653,0.6339737108190091,Africa
795,Artist_795,Jazz,0.5976875051425568,0.7199191102123357,South America
796,Artist_796,Classical,0.044072463390013514,0.7249747219413548,Asia
797,Artist_797,Country,0.8467156873566356,0.0839231547017189,Europe
798,Artist_798,Pop,0.24153259227000984,0.30232558139534876,Australia
799,Artist_799,Jazz,0.3593347689010281,0.5631951466127402,Africa
800,Artist_800,Country,0.633197737074372,0.20323559150657228,Europe
801,Artist_801,Hip-Hop,0.19547836313173175,0.7007077856420627,North America
802,Artist_802,Jazz,0.14454146456000788,0.1870576339737108,Africa
803,Artist_803,Electronic,0.911650374378127,0.049544994944388264,Africa
804,Artist_804,Electronic,0.6218921397651583,0.9140546006066734,South America
805,Artist_805,Country,0.32449482533368923,0.7745197168857432,North America
806,Artist_806,Jazz,0.3981091446197318,0.46511627906976744,Australia
807,Artist_807,Pop,0.29922756289973973,0.9079878665318504,Asia
808,Artist_808,Jazz,0.6136921449829719,0.2901921132457027,Europe
809,Artist_809,Classical,0.2191652300955462,0.3670374115267947,North America
810,Artist_810,Classical,0.14891038003744786,0.9211324570273004,North America
811,Artist_811,Classical,0.9240617468035875,0.17795753286147625,Australia
812,Artist_812,Hip-Hop,0.20980527520956546,0.23559150657229527,North America
813,Artist_813,Classical,0.6629081684872155,0.1365015166835187,Australia
814,Artist_814,Country,0.9112851274250291,0.07482305358948432,Australia
815,Artist_815,Hip-Hop,0.8190492340851668,0.7269969666329626,Africa
816,Artist_816,Country,0.10679660360470647,0.32760364004044484,Europe
817,Artist_817,Hip-Hop,0.5331180650741633,0.7512639029322549,South America
818,Artist_818,Jazz,0.5494397874343008,0.3963599595551061,Europe
819,Artist_819,Classical,0.7138360362276813,0.9858442871587462,Asia
820,Artist_820,Electronic,0.9697908660165807,0.9646107178968656,Australia
821,Artist_821,Country,0.5065674211758946,0.45399393326592513,South America
822,Artist_822,Rock,0.48993062314742536,0.1850353892821031,Africa
823,Artist_823,Pop,0.22526706174881045,0.6683518705763397,South America
824,Artist_824,Hip-Hop,0.9550655939377034,0.2810920121334681,Africa
825,Artist_825,Classical,0.38614730690577637,0.5743174924165825,Europe
826,Artist_826,Rock,0.15128749550967002,0.8746208291203236,South America
827,Artist_827,Hip-Hop,0.8986309259813002,0.9130434782608696,Asia
828,Artist_828,Pop,0.6438802070267895,0.9828109201213348,Asia
829,Artist_829,Rock,0.28400559510167717,0.8220424671385238,Africa
830,Artist_830,Hip-Hop,0.8753183368018416,0.3255813953488372,South America
831,Artist_831,Classical,0.015943430873000427,0.22345803842264914,Africa
832,Artist_832,Hip-Hop,0.9090013305424721,0.5065722952477251,South America
833,Artist_833,Rock,0.5907979843184633,0.23154701718907988,Australia
834,Artist_834,Rock,0.06024768559863374,0.8321536905965622,Africa
835,Artist_835,Electronic,0.7448780135382196,0.6036400404448938,Europe
836,Artist_836,Electronic,0.024401306058885037,0.6410515672396361,North America
837,Artist_837,Country,0.7987318706062498,0.3549039433771486,Africa
838,Artist_838,Rock,0.9789330775266761,0.3245702730030333,South America
839,Artist_839,Classical,0.45357550678014746,0.7108190091001011,South America
840,Artist_840,Hip-Hop,0.5657023076784141,0.1850353892821031,Europe
841,Artist_841,Pop,0.988668313622708,0.621840242669363,South America
842,Artist_842,Electronic,0.43231090944484474,0.11627906976744187,South America
843,Artist_843,Country,0.5310449875876242,0.8058645096056624,Africa
844,Artist_844,Rock,0.46160592261982414,0.49140546006066727,Africa
845,Artist_845,Classical,0.9620062894722584,0.8645096056622852,North America
846,Artist_846,Classical,0.765078979636479,0.0030333670374115274,Asia
847,Artist_847,Jazz,0.8854870527982533,0.6046511627906976,South America
848,Artist_848,Classical,0.8040670850282866,0.6632962588473206,Africa
849,Artist_849,Electronic,0.7696004158196083,0.4630940343781597,Europe
850,Artist_850,Jazz,0.2814930171605863,0.3498483316481294,Asia
851,Artist_851,Jazz,0.5153293343474623,0.9737108190091002,South America
852,Artist_852,Electronic,0.4166474343408397,0.48129423660262893,Asia
853,Artist_853,Hip-Hop,0.7032659499531401,0.660262891809909,Africa
854,Artist_854,Hip-Hop,0.6923165687657664,0.49140546006066727,Europe
855,Artist_855,Country,0.021413104338210653,0.02730030333670374,Asia
856,Artist_856,Classical,0.41257151916643425,0.9514661274014156,Asia
857,Artist_857,Pop,0.5158330540465148,0.30940343781597573,Europe
858,Artist_858,Hip-Hop,0.5959355238785213,0.7947421638018201,Europe
859,Artist_859,Hip-Hop,0.5473175420886909,0.2649140546006067,South America
860,Artist_860,Rock,0.08438810097673458,0.1870576339737108,Europe
861,Artist_861,Electronic,0.03724114125624884,0.5652173913043479,Europe
862,Artist_862,Electronic,0.5604212782439248,0.07684529828109202,Australia
863,Artist_863,Electronic,0.014080069356784061,0.865520728008089,North America
864,Artist_864,Jazz,0.03423588129875395,0.6036400404448938,South America
865,Artist_865,Pop,0.6275765463291678,0.8321536905965622,South America
866,Artist_866,Jazz,0.19618276796984907,0.3660262891809909,Europe
867,Artist_867,Country,0.9355750532317332,0.6177957532861477,Australia
868,Artist_868,Pop,0.955526166331857,0.14661274014155715,Europe
869,Artist_869,Electronic,0.03666617833282828,0.7431749241658241,North America
870,Artist_870,Country,0.4842823399084475,0.04651162790697675,Europe
871,Artist_871,Rock,0.9502842704994853,0.7482305358948432,Europe
872,Artist_872,Hip-Hop,0.33497259644426075,0.17391304347826086,Africa
873,Artist_873,Electronic,0.030115815393754283,0.763397371081901,South America
874,Artist_874,Electronic,0.09145121444611905,0.43377148634984825,Europe
875,Artist_875,Electronic,0.6022591126104522,0.24469160768452983,Europe
876,Artist_876,Classical,0.01981364377986446,0.5399393326592519,South America
877,Artist_877,Electronic,0.10984300401570964,0.1678463094034378,Africa
878,Artist_878,Rock,0.7340390091773314,0.023255813953488372,Australia
879,Artist_879,Pop,0.5448410874726316,0.5561172901921132,North America
880,Artist_880,Classical,0.5245919569409966,0.9201213346814964,Europe
881,Artist_881,Pop,0.12809832769073617,0.34883720930232553,Africa
882,Artist_882,Rock,0.39441653806094007,0.09807886754297271,Asia
883,Artist_883,Electronic,0.4511351754891199,0.8038422649140546,Asia
884,Artist_884,Electronic,0.4705313941797296,0.4256825075834175,Europe
885,Artist_885,Rock,0.2285653220093399,0.5975733063700708,Africa
886,Artist_886,Country,0.45990812634333617,0.8928210313447927,Australia
887,Artist_887,Rock,0.03896402317511986,0.775530839231547,Australia
888,Artist_888,Rock,0.44708334253140225,0.034378159757330634,Africa
889,Artist_889,Rock,0.9409152847822466,0.7846309403437817,Africa
890,Artist_890,Hip-Hop,0.013592404468856678,0.7927199191102123,North America
891,Artist_891,Jazz,0.15407701894267029,0.34479271991911015,Africa
892,Artist_892,Rock,0.7190849560399203,0.3367037411526795,South America
893,Artist_893,Hip-Hop,0.3706112668650774,0.5015166835187057,Asia
894,Artist_894,Country,0.9112560280798647,0.42366026289180986,South America
895,Artist_895,Hip-Hop,0.5095205029972326,0.009100101112234579,North America
896,Artist_896,Hip-Hop,0.22259393569646777,0.3720930232558139,South America
897,Artist_897,Electronic,0.5547840326875955,0.18806875631951467,Europe
898,Artist_898,Rock,0.9822303343615103,0.5166835187057635,Australia
899,Artist_899,Hip-Hop,0.3133598103926806,0.6582406471183013,South America
900,Artist_900,Classical,0.04856178995089235,0.5278058645096056,Asia
901,Artist_901,Rock,0.1492997092072335,0.1890798786653185,Asia
902,Artist_902,Country,0.9754712588778089,0.45601617795753285,Europe
903,Artist_903,Country,0.45451872693375184,0.04752275025278058,Europe
904,Artist_904,Pop,0.8254300180817311,0.25075834175935285,Australia
905,Artist_905,Country,0.06760279594535745,0.5945399393326593,North America
906,Artist_906,Classical,0.5410330869588776,0.3154701718907988,Australia
907,Artist_907,Electronic,0.1931945662491747,0.17997977755308392,Africa
908,Artist_908,Hip-Hop,0.70989658694784,0.5207280080889788,Australia
909,Artist_909,Country,0.004062870640366211,0.5824064711830131,Europe
910,Artist_910,Jazz,0.9779748059876419,0.11021233569261879,Asia
911,Artist_911,Hip-Hop,0.030273353227920123,0.19009100101112233,North America
912,Artist_912,Jazz,0.8961303891485533,0.5753286147623863,Europe
913,Artist_913,Jazz,0.9714535423937323,0.7573306370070778,Africa
914,Artist_914,Hip-Hop,0.38239951193374183,0.9787664307381192,South America
915,Artist_915,Rock,0.21966393266612216,0.8503538928210314,South America
916,Artist_916,Pop,0.8936218249102437,0.858442871587462,North America
917,Artist_917,Jazz,0.9566359551508852,0.1526794742163802,Europe
918,Artist_918,Pop,0.1270979122724983,0.800808897876643,Europe
919,Artist_919,Country,0.936228283359389,0.21334681496461072,Asia
920,Artist_920,Rock,0.3264254163714923,0.01718907987866532,North America
921,Artist_921,Electronic,0.11414770024864888,0.10111223458038424,Asia
922,Artist_922,Electronic,0.6062075927215514,0.6663296258847321,South America
923,Artist_923,Jazz,0.9500815785090299,0.1172901921132457,Africa
924,Artist_924,Pop,0.21230480861661713,0.647118301314459,Europe
925,Artist_925,Hip-Hop,0.6194799043935998,0.8412537917087968,Europe
926,Artist_926,Pop,0.06041525768975282,0.34883720930232553,North America
927,Artist_927,Classical,0.7378249343257883,0.910010111223458,Europe
928,Artist_928,Jazz,0.505186707419129,0.13043478260869565,Africa
929,Artist_929,Hip-Hop,0.6803557344775063,0.29828109201213343,South America
930,Artist_930,Electronic,0.6647946087944242,0.763397371081901,Europe
931,Artist_931,Rock,0.22723778981442647,0.7735085945399394,North America
932,Artist_932,Electronic,0.16379921050466292,0.5429726996966633,Asia
933,Artist_933,Country,0.32474969546030147,0.23356926188068758,Africa
934,Artist_934,Jazz,0.18540396915068044,0.48432760364004035,Africa
935,Artist_935,Country,0.9222294914839262,0.1718907987866532,Africa
936,Artist_936,Jazz,0.8586283572115202,0.2912032355915065,North America
937,Artist_937,Country,0.346670533200346,0.8867542972699696,South America
938,Artist_938,Pop,0.1819893115094934,0.9160768452982812,Australia
939,Artist_939,Jazz,0.4238640719416087,0.800808897876643,North America
940,Artist_940,Hip-Hop,0.05764881304774501,0.033367037411526794,Australia
941,Artist_941,Electronic,0.16326237775766467,0.8675429726996966,South America
942,Artist_942,Hip-Hop,0.8860248889709469,0.24266936299292216,Africa
943,Artist_943,Jazz,0.4323781389664314,0.29828109201213343,Europe
944,Artist_944,Electronic,0.7417292637062933,0.30940343781597573,North America
945,Artist_945,Electronic,0.2817970551462694,0.5348837209302325,Australia
946,Artist_946,Classical,0.2495931108805462,0.34479271991911015,North America
947,Artist_947,Jazz,0.23058722478541743,0.897876643073812,Asia
948,Artist_948,Electronic,0.4368935545953887,0.6703741152679474,Australia
949,Artist_949,Electronic,0.6202605695845618,0.6632962588473206,North America
950,Artist_950,Classical,0.6945602286205105,0.7431749241658241,South America
951,Artist_951,Pop,0.48236680025607426,0.8159757330637007,Asia
952,Artist_952,Electronic,0.44165179924261433,0.4944388270980788,North America
953,Artist_953,Country,0.24289825464134557,0.5510616784630941,North America
954,Artist_954,Jazz,0.7868653583333501,0.800808897876643,Asia
955,Artist_955,Hip-Hop,0.31919874451377,0.980788675429727,Europe
956,Artist_956,Classical,0.050059904514010836,0.9413549039433772,Europe
957,Artist_957,Country,0.3991256148490948,0.7714863498483316,Europe
958,Artist_958,Jazz,0.859668909657571,0.08998988877654196,North America
959,Artist_959,Rock,0.8112084657019064,0.8705763397371082,Europe
960,Artist_960,Jazz,0.8559181044084505,0.9039433771486349,Africa
961,Artist_961,Hip-Hop,0.6645226804309915,0.7431749241658241,North America
962,Artist_962,Country,0.2444234616982378,0.35692618806875626,Australia
963,Artist_963,Classical,0.6427312846056437,0.2659251769464105,Australia
964,Artist_964,Country,0.9572550688049,0.1698685540950455,North America
965,Artist_965,Rock,0.16171409190978,0.6562184024266936,Africa
966,Artist_966,Country,0.8154900831438532,0.948432760364004,South America
967,Artist_967,Hip-Hop,0.10978279847399021,0.17492416582406473,South America
968,Artist_968,Country,0.8081389864999108,0.14964610717896867,Asia
969,Artist_969,Classical,0.648539112530178,0.09403437815975732,Asia
970,Artist_970,Hip-Hop,0.9538644933804008,0.9150657229524772,South America
971,Artist_971,Jazz,0.676723333460434,0.01718907987866532,Australia
972,Artist_972,Jazz,0.8245720891122292,0.9413549039433772,Asia
973,Artist_973,Jazz,0.08920755459137496,0.7573306370070778,Europe
974,Artist_974,Electronic,0.8500781668616658,0.1577350859453994,Europe
975,Artist_975,Classical,0.9114938399696565,0.042467138523761376,Africa
976,Artist_976,Classical,0.2747770889817838,0.1911021233569262,South America
977,Artist_977,Electronic,0.7898886799533609,0.3043478260869565,North America
978,Artist_978,Rock,0.28693459470632743,0.038422649140546,Australia
979,Artist_979,Country,0.1659114215933196,0.788675429726997,Africa
980,Artist_980,Hip-Hop,0.9161035776139742,0.16076845298281092,South America
981,Artist_981,Jazz,0.7075555948006494,0.7189079878665319,Africa
982,Artist_982,Pop,0.7685167160686585,0.6693629929221435,Africa
983,Artist_983,Electronic,0.10485898858703614,0.47320525783619816,North America
984,Artist_984,Rock,0.7306454234757462,0.9969666329625885,Australia
985,Artist_985,Hip-Hop,0.2516089931024518,0.2123356926188069,Africa
986,Artist_986,Country,0.9178736205405255,0.26289180990899896,South America
987,Artist_987,Classical,0.8392692652716375,0.800808897876643,Europe
988,Artist_988,Pop,0.323112104725533,0.2295247724974722,Asia
989,Artist_989,Country,0.5576989843325112,0.6764408493427705,South America
990,Artist_990,Country,0.5099128424441042,0.40546006066734075,Australia
991,Artist_991,Hip-Hop,0.8442472601461389,0.23255813953488372,Africa
992,Artist_992,Country,0.10162193729392145,0.08998988877654196,North America
993,Artist_993,Classical,0.7164630046980391,0.1526794742163802,North America
994,Artist_994,Jazz,0.19108636886329933,0.06673407482305357,Asia
995,Artist_995,Rock,0.9754431629583399,0.6693629929221435,South America
996,Artist_996,Classical,0.9263987252479967,0.7593528816986855,North America
997,Artist_997,Hip-Hop,0.15791813250436992,0.9110212335692618,Asia
998,Artist_998,Electronic,0.2920911993545966,0.8028311425682507,Africa
999,Artist_999,Jazz,0.3807849999899658,0.5176946410515673,Australia
1000,Artist_1000,Hip-Hop,0.6871238407924656,0.5328614762386249,Europe
